{"cameraMode":{"drawMode":0,"name":"Shaded","section":"Shading Mode"},"sceneLighting":false,"audioPlay":false,"sceneViewState":{"m_AlwaysRefresh":false,"showFog":true,"showSkybox":true,"showFlares":true,"showImageEffects":true,"showParticleSystems":true,"showVisualEffectGraphs":true,"m_FxEnabled":true},"in2DMode":false,"pivot":{"x":-2.716531991958618,"y":2.4798827171325685,"z":0.44338586926460268},"rotation":{"x":0.06908417493104935,"y":0.9309325814247131,"z":-0.2519502639770508,"w":0.2552681863307953},"size":0.059374868869781497,"orthographic":false}