{"cameraMode":{"drawMode":0,"name":"Shaded","section":"Shading Mode"},"sceneLighting":false,"audioPlay":false,"sceneViewState":{"m_AlwaysRefresh":false,"showFog":true,"showSkybox":true,"showFlares":true,"showImageEffects":true,"showParticleSystems":true,"showVisualEffectGraphs":true,"m_FxEnabled":true},"in2DMode":false,"pivot":{"x":-2.4599995613098146,"y":0.22899997234344483,"z":-2.9800009727478029},"rotation":{"x":-0.39636319875717165,"y":0.5564652681350708,"z":-0.3417987525463104,"w":-0.6453214287757874},"size":1.0868258476257325,"orthographic":false}