{"cameraMode":{"drawMode":0,"name":"Shaded","section":"Shading Mode"},"sceneLighting":true,"audioPlay":false,"sceneViewState":{"m_AlwaysRefresh":false,"showFog":true,"showSkybox":true,"showFlares":true,"showImageEffects":true,"showParticleSystems":true,"showVisualEffectGraphs":true,"m_FxEnabled":true},"in2DMode":false,"pivot":{"x":-1.5801022052764893,"y":1.4754815101623536,"z":8.853081703186036},"rotation":{"x":-0.021778469905257226,"y":-0.9339831471443176,"z":0.35308897495269778,"w":-0.05462474748492241},"size":2.589247941970825,"orthographic":false}