{"cameraMode":{"drawMode":0,"name":"Shaded","section":"Shading Mode"},"sceneLighting":true,"audioPlay":false,"sceneViewState":{"m_AlwaysRefresh":false,"showFog":true,"showSkybox":true,"showFlares":true,"showImageEffects":true,"showParticleSystems":true,"showVisualEffectGraphs":true,"m_FxEnabled":true},"in2DMode":false,"pivot":{"x":1.855847954750061,"y":0.9439564943313599,"z":3.676467180252075},"rotation":{"x":0.0022777984850108625,"y":-0.969294011592865,"z":0.24648363888263703,"w":0.013045462779700756},"size":0.20203626155853272,"orthographic":false}