{"cameraMode":{"drawMode":0,"name":"Shaded","section":"Shading Mode"},"sceneLighting":true,"audioPlay":false,"sceneViewState":{"m_AlwaysRefresh":false,"showFog":true,"showSkybox":true,"showFlares":true,"showImageEffects":true,"showParticleSystems":true,"showVisualEffectGraphs":true,"m_FxEnabled":true},"in2DMode":false,"pivot":{"x":-1.8102262020111085,"y":2.6149282455444338,"z":11.31911849975586},"rotation":{"x":0.041508521884679797,"y":0.9474876523017883,"z":-0.285643994808197,"w":0.13768060505390168},"size":2.523895025253296,"orthographic":false}