{"cameraMode":{"drawMode":0,"name":"Shaded","section":"Shading Mode"},"sceneLighting":true,"audioPlay":false,"sceneViewState":{"m_AlwaysRefresh":false,"showFog":true,"showSkybox":true,"showFlares":true,"showImageEffects":true,"showParticleSystems":true,"showVisualEffectGraphs":true,"m_FxEnabled":true},"in2DMode":false,"pivot":{"x":-4.539264678955078,"y":1.501744270324707,"z":8.784210205078125},"rotation":{"x":0.0066113900393247608,"y":0.9811878204345703,"z":-0.19223091006278993,"w":0.027824750170111657},"size":2.024960994720459,"orthographic":false}