{"cameraMode":{"drawMode":0,"name":"Shaded","section":"Shading Mode"},"sceneLighting":true,"audioPlay":false,"sceneViewState":{"m_AlwaysRefresh":false,"showFog":true,"showSkybox":true,"showFlares":true,"showImageEffects":true,"showParticleSystems":true,"showVisualEffectGraphs":true,"m_FxEnabled":true},"in2DMode":false,"pivot":{"x":-2.10551381111145,"y":-1.1312193870544434,"z":4.914155960083008},"rotation":{"x":0.0022777984850108625,"y":-0.969294011592865,"z":0.24648363888263703,"w":0.013045462779700756},"size":6.958397388458252,"orthographic":false}