{"cameraMode":{"drawMode":0,"name":"Shaded","section":"Shading Mode"},"sceneLighting":false,"audioPlay":false,"sceneViewState":{"m_AlwaysRefresh":false,"showFog":true,"showSkybox":true,"showFlares":true,"showImageEffects":true,"showParticleSystems":true,"showVisualEffectGraphs":true,"m_FxEnabled":true},"in2DMode":false,"pivot":{"x":-0.33921730518341067,"y":1.4456655979156495,"z":5.1630144119262699},"rotation":{"x":0.0028376504778862,"y":0.9969492554664612,"z":-0.043703675270080569,"w":0.0646945983171463},"size":2.4559988975524904,"orthographic":false}