{"cameraMode":{"drawMode":0,"name":"Shaded","section":"Shading Mode"},"sceneLighting":false,"audioPlay":false,"sceneViewState":{"m_AlwaysRefresh":false,"showFog":true,"showSkybox":true,"showFlares":true,"showImageEffects":true,"showParticleSystems":true,"showVisualEffectGraphs":true,"m_FxEnabled":true},"in2DMode":false,"pivot":{"x":-4.349212169647217,"y":1.6610456705093384,"z":4.303553581237793},"rotation":{"x":-0.0036705154925584795,"y":0.6498790979385376,"z":-0.003108382225036621,"w":-0.7600464820861816},"size":3.148348331451416,"orthographic":false}