{"cameraMode":{"drawMode":0,"name":"Shaded","section":"Shading Mode"},"sceneLighting":true,"audioPlay":false,"sceneViewState":{"m_AlwaysRefresh":false,"showFog":true,"showSkybox":true,"showFlares":true,"showImageEffects":true,"showParticleSystems":true,"showVisualEffectGraphs":true,"m_FxEnabled":true},"in2DMode":false,"pivot":{"x":-1.846794843673706,"y":1.022497296333313,"z":12.290315628051758},"rotation":{"x":0.011568399146199227,"y":0.9866431355476379,"z":-0.14753636717796327,"w":0.07109415531158447},"size":1.8206202983856202,"orthographic":false}