{"cameraMode":{"drawMode":0,"name":"Shaded","section":"Shading Mode"},"sceneLighting":false,"audioPlay":false,"sceneViewState":{"m_AlwaysRefresh":false,"showFog":true,"showSkybox":true,"showFlares":true,"showImageEffects":true,"showParticleSystems":true,"showVisualEffectGraphs":true,"m_FxEnabled":true},"in2DMode":false,"pivot":{"x":-4.349999904632568,"y":0.5340156555175781,"z":0.019999980926513673},"rotation":{"x":-0.07434366643428803,"y":0.8342117667198181,"z":-0.11611037701368332,"w":-0.5339659452438355},"size":2.255110263824463,"orthographic":false}