{"cameraMode":{"drawMode":0,"name":"Shaded","section":"Shading Mode"},"sceneLighting":true,"audioPlay":false,"sceneViewState":{"m_AlwaysRefresh":false,"showFog":true,"showSkybox":true,"showFlares":true,"showImageEffects":true,"showParticleSystems":true,"showVisualEffectGraphs":true,"m_FxEnabled":true},"in2DMode":false,"pivot":{"x":2.734083652496338,"y":0.1186520904302597,"z":-5.727243900299072},"rotation":{"x":0.07461453229188919,"y":-0.9128528833389282,"z":0.35010480880737307,"w":0.1975325495004654},"size":0.25425100326538088,"orthographic":false}