{"cameraMode":{"drawMode":0,"name":"Shaded","section":"Shading Mode"},"sceneLighting":true,"audioPlay":false,"sceneViewState":{"m_AlwaysRefresh":false,"showFog":true,"showSkybox":true,"showFlares":true,"showImageEffects":true,"showParticleSystems":true,"showVisualEffectGraphs":true,"m_FxEnabled":true},"in2DMode":false,"pivot":{"x":-2.1612660884857179,"y":1.2720454931259156,"z":9.807452201843262},"rotation":{"x":0.002674151211977005,"y":0.9707843661308289,"z":-0.24065017700195313,"w":0.0071035949513316158},"size":2.2565114498138429,"orthographic":false}