{"cameraMode":{"drawMode":0,"name":"Shaded","section":"Shading Mode"},"sceneLighting":false,"audioPlay":false,"sceneViewState":{"m_AlwaysRefresh":false,"showFog":true,"showSkybox":true,"showFlares":true,"showImageEffects":true,"showParticleSystems":true,"showVisualEffectGraphs":true,"m_FxEnabled":true},"in2DMode":false,"pivot":{"x":1.6725575923919678,"y":1.4230988025665284,"z":-4.5637969970703129},"rotation":{"x":0.003399734850972891,"y":0.9727147817611694,"z":0.014291449449956417,"w":-0.2315531075000763},"size":0.33249470591545107,"orthographic":false}