{"cameraMode":{"drawMode":0,"name":"Shaded","section":"Shading Mode"},"sceneLighting":false,"audioPlay":false,"sceneViewState":{"m_AlwaysRefresh":false,"showFog":true,"showSkybox":true,"showFlares":true,"showImageEffects":true,"showParticleSystems":true,"showVisualEffectGraphs":true,"m_FxEnabled":true},"in2DMode":false,"pivot":{"x":2.2444396018981935,"y":0.3763415515422821,"z":-6.548491954803467},"rotation":{"x":-0.006048752926290035,"y":0.9563817381858826,"z":-0.2914576232433319,"w":-0.019788838922977449},"size":0.45789873600006106,"orthographic":false}