{"cameraMode":{"drawMode":0,"name":"Shaded","section":"Shading Mode"},"sceneLighting":false,"audioPlay":false,"sceneViewState":{"m_AlwaysRefresh":false,"showFog":true,"showSkybox":true,"showFlares":true,"showImageEffects":true,"showParticleSystems":true,"showVisualEffectGraphs":true,"m_FxEnabled":true},"in2DMode":false,"pivot":{"x":-3.4199652671813967,"y":0.13422951102256776,"z":-0.22824746370315553},"rotation":{"x":-0.2359146922826767,"y":0.37079137563705447,"z":-0.09796950221061707,"w":-0.8929010629653931},"size":749.9403076171875,"orthographic":false}