{"cameraMode":{"drawMode":0,"name":"Shaded","section":"Shading Mode"},"sceneLighting":true,"audioPlay":false,"sceneViewState":{"m_AlwaysRefresh":false,"showFog":true,"showSkybox":true,"showFlares":true,"showImageEffects":true,"showParticleSystems":true,"showVisualEffectGraphs":true,"m_FxEnabled":true},"in2DMode":false,"pivot":{"x":-0.9905087947845459,"y":2.2011640071868898,"z":6.183982849121094},"rotation":{"x":0.0315156951546669,"y":-0.9674006700515747,"z":0.17778123915195466,"w":0.17894630134105683},"size":11.468252182006836,"orthographic":false}