{"cameraMode":{"drawMode":0,"name":"Shaded","section":"Shading Mode"},"sceneLighting":false,"audioPlay":false,"sceneViewState":{"m_AlwaysRefresh":false,"showFog":true,"showSkybox":true,"showFlares":true,"showImageEffects":true,"showParticleSystems":true,"showVisualEffectGraphs":true,"m_FxEnabled":true},"in2DMode":false,"pivot":{"x":453.61383056640627,"y":216.30580139160157,"z":-0.9514923095703125},"rotation":{"x":-0.011687088757753373,"y":0.025485916063189508,"z":0.0002851271128747612,"w":0.9996272325515747},"size":55.15727615356445,"orthographic":false}