{"cameraMode":{"drawMode":0,"name":"Shaded","section":"Shading Mode"},"sceneLighting":false,"audioPlay":false,"sceneViewState":{"m_AlwaysRefresh":false,"showFog":true,"showSkybox":false,"showFlares":true,"showImageEffects":true,"showParticleSystems":true,"showVisualEffectGraphs":true,"m_FxEnabled":true},"in2DMode":false,"pivot":{"x":0.3914213180541992,"y":118.57508850097656,"z":-0.022927284240722657},"rotation":{"x":0.014772066846489907,"y":0.9815629720687866,"z":0.17070627212524415,"w":-0.08499191701412201},"size":157.50970458984376,"orthographic":false}