{"cameraMode":{"drawMode":0,"name":"Shaded","section":"Shading Mode"},"sceneLighting":true,"audioPlay":false,"sceneViewState":{"m_AlwaysRefresh":false,"showFog":true,"showSkybox":false,"showFlares":true,"showImageEffects":true,"showParticleSystems":true,"showVisualEffectGraphs":true,"m_FxEnabled":true},"in2DMode":false,"pivot":{"x":0.003693103790283203,"y":-0.0020003318786621095,"z":-0.09289979934692383},"rotation":{"x":-0.00653846887871623,"y":0.992206871509552,"z":-0.10939382016658783,"w":-0.05930401384830475},"size":38.60493850708008,"orthographic":false}