{"cameraMode":{"drawMode":0,"name":"Shaded","section":"Shading Mode"},"sceneLighting":false,"audioPlay":false,"sceneViewState":{"m_AlwaysRefresh":false,"showFog":true,"showSkybox":false,"showFlares":true,"showImageEffects":true,"showParticleSystems":true,"showVisualEffectGraphs":true,"m_FxEnabled":true},"in2DMode":false,"pivot":{"x":-0.0000011920928955078126,"y":38.49781036376953,"z":-0.5416259765625},"rotation":{"x":0.002173337619751692,"y":-0.9897246956825256,"z":0.015154412016272545,"w":0.1422869861125946},"size":33.91584396362305,"orthographic":false}